Workbook

Sheet Overview
B2: Digital Payments Analysis
B4: Original collaborative research snapshot. Coverage counts markets mentioning a service.
B6: Markets | E6: Services | H6: Listings | K6: Unverified shares
B7: =COUNTA(Markets!$B$7:$B$106) -> 100 | E7: =COUNTA('Service analysis'!$B$7:$B$197) -> 191 | H7: =COUNTA(Listings!$A$7:$A$306) -> 300 | K7: =COUNTIFS(Markets!$G$7:$G$106,"Unverified") -> 100
B10: Market comparison
B12: Select market | E12: India
B14: Main service | E14: =INDEX(Markets!$C$7:$C$106,MATCH($E$12,Markets!$B$7:$B$106,0)) -> PhonePe
B15: Alternative 1 | E15: =INDEX(Markets!$D$7:$D$106,MATCH($E$12,Markets!$B$7:$B$106,0)) -> Google Pay
B16: Alternative 2 | E16: =INDEX(Markets!$E$7:$E$106,MATCH($E$12,Markets!$B$7:$B$106,0)) -> Paytm
B18: Unverified share | E18: =INDEX(Markets!$F$7:$F$106,MATCH($E$12,Markets!$B$7:$B$106,0)) -> 0.47
B19: Evidence status | E19: =INDEX(Markets!$G$7:$G$106,MATCH($E$12,Markets!$B$7:$B$106,0)) -> Unverified
B21: Share values need dated primary sources and a definition before comparison.
B24: Counting the same service twice in one market does not increase coverage.
B25: Tanzania lists M-Pesa as both its main service and an alternative.
B27: Refresh: regenerate the prepared CSVs when the original dataset changes.
B28: Replace the prepared tables, extend formulas if needed, and re-sort Service analysis.

Sheet Service analysis
A2: Service coverage in the dataset
A4: Counts are dataset mentions. Rows are ordered by baseline coverage; re-sort the table after changing inputs.
A6: Service ID | B6: Service | C6: Distinct markets | D6: Primary listings | E6: Alternative listings | F6: Total listings
A7: Sab8a4f6bb84d | B7: PayPal | C7: =SUMIFS(Listings!$I$7:$I$306,Listings!$D$7:$D$306,$A7) -> 47 | D7: =COUNTIFS(Listings!$D$7:$D$306,$A7,Listings!$F$7:$F$306,"Primary") -> 2 | E7: =COUNTIFS(Listings!$D$7:$D$306,$A7,Listings!$F$7:$F$306,"<>Primary") -> 45 | F7: =SUM(D7:E7) -> 47
A8: S9bb3a91fbff8 | B8: Apple Pay | C8: =SUMIFS(Listings!$I$7:$I$306,Listings!$D$7:$D$306,$A8) -> 14 | D8: =COUNTIFS(Listings!$D$7:$D$306,$A8,Listings!$F$7:$F$306,"Primary") -> 3 | E8: =COUNTIFS(Listings!$D$7:$D$306,$A8,Listings!$F$7:$F$306,"<>Primary") -> 11 | F8: =SUM(D8:E8) -> 14
A9: Sdd53271a2e06 | B9: Revolut | C9: =SUMIFS(Listings!$I$7:$I$306,Listings!$D$7:$D$306,$A9) -> 7 | D9: =COUNTIFS(Listings!$D$7:$D$306,$A9,Listings!$F$7:$F$306,"Primary") -> 1 | E9: =COUNTIFS(Listings!$D$7:$D$306,$A9,Listings!$F$7:$F$306,"<>Primary") -> 6 | F9: =SUM(D9:E9) -> 7
A10: Scfe1ae6e7f3a | B10: Google Pay | C10: =SUMIFS(Listings!$I$7:$I$306,Listings!$D$7:$D$306,$A10) -> 6 | D10: =COUNTIFS(Listings!$D$7:$D$306,$A10,Listings!$F$7:$F$306,"Primary") -> 0 | E10: =COUNTIFS(Listings!$D$7:$D$306,$A10,Listings!$F$7:$F$306,"<>Primary") -> 6 | F10: =SUM(D10:E10) -> 6
A11: Sd5b72847b212 | B11: Alipay | C11: =SUMIFS(Listings!$I$7:$I$306,Listings!$D$7:$D$306,$A11) -> 4 | D11: =COUNTIFS(Listings!$D$7:$D$306,$A11,Listings!$F$7:$F$306,"Primary") -> 2 | E11: =COUNTIFS(Listings!$D$7:$D$306,$A11,Listings!$F$7:$F$306,"<>Primary") -> 2 | F11: =SUM(D11:E11) -> 4
A12: S57b68256e28f | B12: MTN Mobile Money | C12: =SUMIFS(Listings!$I$7:$I$306,Listings!$D$7:$D$306,$A12) -> 4 | D12: =COUNTIFS(Listings!$D$7:$D$306,$A12,Listings!$F$7:$F$306,"Primary") -> 2 | E12: =COUNTIFS(Listings!$D$7:$D$306,$A12,Listings!$F$7:$F$306,"<>Primary") -> 2 | F12: =SUM(D12:E12) -> 4
A13: Seecadce162c6 | B13: MobilePay | C13: =SUMIFS(Listings!$I$7:$I$306,Listings!$D$7:$D$306,$A13) -> 4 | D13: =COUNTIFS(Listings!$D$7:$D$306,$A13,Listings!$F$7:$F$306,"Primary") -> 4 | E13: =COUNTIFS(Listings!$D$7:$D$306,$A13,Listings!$F$7:$F$306,"<>Primary") -> 0 | F13: =SUM(D13:E13) -> 4
A14: S30438e444cb9 | B14: Orange Money | C14: =SUMIFS(Listings!$I$7:$I$306,Listings!$D$7:$D$306,$A14) -> 4 | D14: =COUNTIFS(Listings!$D$7:$D$306,$A14,Listings!$F$7:$F$306,"Primary") -> 3 | E14: =COUNTIFS(Listings!$D$7:$D$306,$A14,Listings!$F$7:$F$306,"<>Primary") -> 1 | F14: =SUM(D14:E14) -> 4
A15: Seffe340b87b3 | B15: GCash | C15: =SUMIFS(Listings!$I$7:$I$306,Listings!$D$7:$D$306,$A15) -> 3 | D15: =COUNTIFS(Listings!$D$7:$D$306,$A15,Listings!$F$7:$F$306,"Primary") -> 2 | E15: =COUNTIFS(Listings!$D$7:$D$306,$A15,Listings!$F$7:$F$306,"<>Primary") -> 1 | F15: =SUM(D15:E15) -> 3
A16: Sa2e779358d0d | B16: Klarna | C16: =SUMIFS(Listings!$I$7:$I$306,Listings!$D$7:$D$306,$A16) -> 3 | D16: =COUNTIFS(Listings!$D$7:$D$306,$A16,Listings!$F$7:$F$306,"Primary") -> 0 | E16: =COUNTIFS(Listings!$D$7:$D$306,$A16,Listings!$F$7:$F$306,"<>Primary") -> 3 | F16: =SUM(D16:E16) -> 3
A17: Sfe640272446b | B17: Mercado Pago | C17: =SUMIFS(Listings!$I$7:$I$306,Listings!$D$7:$D$306,$A17) -> 3 | D17: =COUNTIFS(Listings!$D$7:$D$306,$A17,Listings!$F$7:$F$306,"Primary") -> 1 | E17: =COUNTIFS(Listings!$D$7:$D$306,$A17,Listings!$F$7:$F$306,"<>Primary") -> 2 | F17: =SUM(D17:E17) -> 3
A18: Scd248346b654 | B18: Samsung Pay | C18: =SUMIFS(Listings!$I$7:$I$306,Listings!$D$7:$D$306,$A18) -> 3 | D18: =COUNTIFS(Listings!$D$7:$D$306,$A18,Listings!$F$7:$F$306,"Primary") -> 1 | E18: =COUNTIFS(Listings!$D$7:$D$306,$A18,Listings!$F$7:$F$306,"<>Primary") -> 2 | F18: =SUM(D18:E18) -> 3
... A197: S813979cbe3f6 | B197: Çapar Pay | C197: =SUMIFS(Listings!$I$7:$I$306,Listings!$D$7:$D$306,$A197) -> 1 | D197: =COUNTIFS(Listings!$D$7:$D$306,$A197,Listings!$F$7:$F$306,"Primary") -> 1 | E197: =COUNTIFS(Listings!$D$7:$D$306,$A197,Listings!$F$7:$F$306,"<>Primary") -> 0 | F197: =SUM(D197:E197) -> 1

Sheet Listings
A2: Payment-service listings
A4: One row per source market and role. First mention = 1 only once for each market/service pair.
A6: Listing ID | B6: Market ID | C6: Market | D6: Service ID | E6: Service | F6: Listed role | G6: Website reference | H6: Original name | I6: First mention
A7: M001-1 | B7: M001 | C7: United States | D7: S9bb3a91fbff8 | E7: Apple Pay | F7: Primary | G7: https://apple.com/apple-pay | H7: Apple Pay | I7: =IF(COUNTIFS($B$7:B7,B7,$D$7:D7,D7)=1,1,0) -> 1
A8: M001-2 | B8: M001 | C8: United States | D8: Scfe1ae6e7f3a | E8: Google Pay | F8: Alternative 1 | G8: https://pay.google.com | H8: Google Pay | I8: =IF(COUNTIFS($B$7:B8,B8,$D$7:D8,D8)=1,1,0) -> 1
A9: M001-3 | B9: M001 | C9: United States | D9: Sab8a4f6bb84d | E9: PayPal | F9: Alternative 2 | G9: https://paypal.com | H9: PayPal | I9: =IF(COUNTIFS($B$7:B9,B9,$D$7:D9,D9)=1,1,0) -> 1
A10: M002-1 | B10: M002 | C10: China | D10: Sd5b72847b212 | E10: Alipay | F10: Primary | G10: https://alipay.com | H10: Alipay | I10: =IF(COUNTIFS($B$7:B10,B10,$D$7:D10,D10)=1,1,0) -> 1
A11: M002-2 | B11: M002 | C11: China | D11: Sa39c6414ea1e | E11: WeChat Pay | F11: Alternative 1 | G11: https://weixin.qq.com | H11: WeChat Pay | I11: =IF(COUNTIFS($B$7:B11,B11,$D$7:D11,D11)=1,1,0) -> 1
A12: M002-3 | B12: M002 | C12: China | D12: Sf926e95ae759 | E12: UnionPay | F12: Alternative 2 | G12: https://unionpayintl.com | H12: UnionPay | I12: =IF(COUNTIFS($B$7:B12,B12,$D$7:D12,D12)=1,1,0) -> 1
A13: M003-1 | B13: M003 | C13: Germany | D13: Sab8a4f6bb84d | E13: PayPal | F13: Primary | G13: https://paypal.com | H13: PayPal | I13: =IF(COUNTIFS($B$7:B13,B13,$D$7:D13,D13)=1,1,0) -> 1
A14: M003-2 | B14: M003 | C14: Germany | D14: Sa2e779358d0d | E14: Klarna | F14: Alternative 1 | G14: https://klarna.com | H14: Klarna | I14: =IF(COUNTIFS($B$7:B14,B14,$D$7:D14,D14)=1,1,0) -> 1
A15: M003-3 | B15: M003 | C15: Germany | D15: S02f195c0ad8e | E15: Sofort | F15: Alternative 2 | G15: https://sofort.com | H15: Sofort | I15: =IF(COUNTIFS($B$7:B15,B15,$D$7:D15,D15)=1,1,0) -> 1
A16: M004-1 | B16: M004 | C16: Japan | D16: S4d54ee71b475 | E16: PayPay | F16: Primary | G16: https://paypay.ne.jp | H16: PayPay | I16: =IF(COUNTIFS($B$7:B16,B16,$D$7:D16,D16)=1,1,0) -> 1
A17: M004-2 | B17: M004 | C17: Japan | D17: Se3a205bb818f | E17: LINE Pay | F17: Alternative 1 | G17: https://pay.line.me | H17: LINE Pay | I17: =IF(COUNTIFS($B$7:B17,B17,$D$7:D17,D17)=1,1,0) -> 1
A18: M004-3 | B18: M004 | C18: Japan | D18: S943d2ae40a1e | E18: Rakuten Pay | F18: Alternative 2 | G18: https://rakuten.com | H18: Rakuten Pay | I18: =IF(COUNTIFS($B$7:B18,B18,$D$7:D18,D18)=1,1,0) -> 1
... A306: M100-3 | B306: M100 | C306: Paraguay | D306: Sa725bda1f33e | E306: Visa | F306: Alternative 2 | G306: https://visa.com | H306: Visa | I306: =IF(COUNTIFS($B$7:B306,B306,$D$7:D306,D306)=1,1,0) -> 1

Sheet Markets
A2: Market research records
A4: Source: original project CSV. Market-share evidence has not been supplied. Input fields for evidence are shaded amber.
A5: https://github.com/Aditya-6446/Ecommerce_Payments_Analysis/blob/main/Test.csv
A6: Market ID | B6: Market | C6: Main service | D6: Alternative 1 | E6: Alternative 2 | F6: Original share (unverified) | G6: Evidence status | H6: Share source URL | I6: Observation period | J6: Share definition
A7: M001 | B7: United States | C7: Apple Pay | D7: Google Pay | E7: PayPal | F7: 0.43 | G7: Unverified
A8: M002 | B8: China | C8: Alipay | D8: WeChat Pay | E8: UnionPay | F8: 0.55 | G8: Unverified
A9: M003 | B9: Germany | C9: PayPal | D9: Klarna | E9: Sofort | F9: 0.32 | G9: Unverified
A10: M004 | B10: Japan | C10: PayPay | D10: LINE Pay | E10: Rakuten Pay | F10: 0.31 | G10: Unverified
A11: M005 | B11: India | C11: PhonePe | D11: Google Pay | E11: Paytm | F11: 0.47 | G11: Unverified
A12: M006 | B12: United Kingdom | C12: PayPal | D12: Apple Pay | E12: Revolut | F12: 0.29 | G12: Unverified
A13: M007 | B13: France | C13: Paylib | D13: Lydia | E13: Google Pay | F13: 0.24 | G13: Unverified
A14: M008 | B14: Italy | C14: Satispay | D14: Nexi | E14: PayPal | F14: 0.2 | G14: Unverified
A15: M009 | B15: Canada | C15: Interac | D15: Apple Pay | E15: Google Pay | F15: 0.35 | G15: Unverified
A16: M010 | B16: Brazil | C16: PIX | D16: Mercado Pago | E16: PayPal | F16: 0.6 | G16: Unverified
A17: M011 | B17: Russia | C17: Yandex.Money | D17: Qiwi | E17: WebMoney | F17: 0.25 | G17: Unverified
A18: M012 | B18: South Korea | C18: KakaoPay | D18: Samsung Pay | E18: Naver Pay | F18: 0.2 | G18: Unverified
... A106: M100 | B106: Paraguay | C106: Tigo Money | D106: Personal Pay | E106: Visa | F106: 0.15 | G106: Unverified

Sheet Original data
A2: Original dataset
A4: Source: original project CSV. The original percentage values are preserved as typed percentages. Website and review references are unverified.
A5: https://github.com/Aditya-6446/Ecommerce_Payments_Analysis/blob/main/Test.csv
A6: Country | B6: App Name | C6: Market Share | D6: App Website Link | E6: App Review Link | F6: App Screenshot Link | G6: Alternate1 Name | H6: Alternate1 Website | I6: Alternate1 Review | J6: Alternate1 Screenshot | K6: Alternate2 Name | L6: Alternate2 Website | M6: Alternate2 Review | N6: Alternate2 Screenshot
A7: United States | B7: Apple Pay | C7: 0.43 | D7: apple.com/apple-pay | E7: https://www.pcmag.com/reviews/apple-pay | F7: https://ibb.co/gTyz7dQ | G7: Google Pay | H7: pay.google.com | I7: https://www.pcmag.com/reviews/google-pay | J7: https://ibb.co/bK79xby | K7: PayPal | L7: paypal.com | M7: https://www.cnet.com/reviews/paypal-review/ | N7: https://ibb.co/JxbrsQ1
A8: China | B8: Alipay | C8: 0.55 | D8: alipay.com | E8: https://www.rapyd.net/blog/what-is-alipay/ | F8: https://ibb.co/ysHqJN4 | G8: WeChat Pay | H8: weixin.qq.com | I8: https://www.weareplanet.com/blog/wechat-pay | J8: https://ibb.co/Qk6Z7mw | K8: UnionPay | L8: unionpayintl.com | M8: https://www.trustpilot.com/review/unionpayintl.com | N8: https://ibb.co/s1VmBC7
A9: Germany | B9: PayPal | C9: 0.32 | D9: paypal.com | E9: https://www.cnet.com/reviews/paypal-review/ | F9: https://ibb.co/JxbrsQ1 | G9: Klarna | H9: klarna.com | I9: https://www.trustpilot.com/review/klarna.com | J9: https://ibb.co/0F1XnJ8 | K9: Sofort | L9: sofort.com | M9: https://www.trustpilot.com/review/sofort.com | N9: https://ibb.co/pWKHfvh
A10: Japan | B10: PayPay | C10: 0.31 | D10: paypay.ne.jp | E10: https://www.g2.com/products/paypay/reviews | F10: https://ibb.co/v1Xgpvs | G10: LINE Pay | H10: pay.line.me | I10: https://www.trustpilot.com/review/linepay.fun | J10: https://ibb.co/hW2py4P | K10: Rakuten Pay | L10: rakuten.com | M10: https://www.trustpilot.com/review/www.rakuten.com | N10: https://ibb.co/whfG4z9
A11: India | B11: PhonePe | C11: 0.47 | D11: phonepe.com | E11: https://www.trustpilot.com/review/phonepe.com | F11: https://ibb.co/YfdMZjP | G11: Google Pay | H11: pay.google.com | I11: https://www.pcmag.com/reviews/google-pay | J11: https://ibb.co/bK79xby | K11: Paytm | L11: paytm.com | M11: https://www.trustradius.com/products/paytm/reviews | N11: https://ibb.co/rmv6qP7
A12: United Kingdom | B12: PayPal | C12: 0.29 | D12: paypal.com | E12: https://www.cnet.com/reviews/paypal-review/ | F12: https://ibb.co/JxbrsQ1 | G12: Apple Pay | H12: apple.com/apple-pay | I12: https://www.pcmag.com/reviews/apple-pay | J12: https://ibb.co/gTyz7dQ | K12: Revolut | L12: revolut.com | M12: https://www.trustpilot.com/review/www.revolut.com | N12: https://ibb.co/w69Nf7j
A13: France | B13: Paylib | C13: 0.24 | D13: paylib.fr | E13: https://www.capterra.in/software/209162/paylib | F13: https://ibb.co/y5vd2g2 | G13: Lydia | H13: lydia-app.com | I13: https://www.trustpilot.com/review/sumeria.eu?page=8 | J13: https://ibb.co/ZmKrjsd | K13: Google Pay | L13: pay.google.com | M13: https://www.pcmag.com/reviews/google-pay | N13: https://ibb.co/bK79xby
A14: Italy | B14: Satispay | C14: 0.2 | D14: satispay.com | E14: https://www.capterra.com/p/180716/Satispay/ | F14: https://ibb.co/5TRdXzx | G14: Nexi | H14: nexi.it | I14: https://www.trustpilot.com/review/www.nexi.it | J14: https://ibb.co/hfv5mB7 | K14: PayPal | L14: paypal.com | M14: https://www.cnet.com/reviews/paypal-review/ | N14: https://ibb.co/JxbrsQ1
A15: Canada | B15: Interac | C15: 0.35 | D15: interac.ca | E15: https://ca.trustpilot.com/review/interac.ca | F15: https://ibb.co/WHXg50m | G15: Apple Pay | H15: apple.com/apple-pay | I15: https://www.pcmag.com/reviews/apple-pay | J15: https://ibb.co/gTyz7dQ | K15: Google Pay | L15: pay.google.com | M15: https://www.pcmag.com/reviews/google-pay | N15: https://ibb.co/bK79xby
A16: Brazil | B16: PIX | C16: 0.6 | D16: mercadopago.com.br | E16: https://www.trustpilot.com/review/www.mercadopago.com.br | F16: https://ibb.co/TKGxSkP | G16: Mercado Pago | H16: mercadopago.com | I16: https://www.capterra.com/p/250909/Mercado-Pago/reviews/ | J16: https://ibb.co/ngttbxg | K16: PayPal | L16: paypal.com | M16: https://www.cnet.com/reviews/paypal-review/ | N16: https://ibb.co/JxbrsQ1
A17: Russia | B17: Yandex.Money | C17: 0.25 | D17: yoomoney.ru | E17: https://ghanasoccernet.com/in/payment-system-review/yandex-money-payment-system-review/ | F17: https://ibb.co/2WxV2yw | G17: Qiwi | H17: qiwi.com | I17: https://www.trustpilot.com/review/qiwi.com | J17: https://ibb.co/yRs9fwW | K17: WebMoney | L17: webmoney.ru | M17: https://www.trustfinance.com/companies/web-money | N17: https://ibb.co/cr3KgLC
A18: South Korea | B18: KakaoPay | C18: 0.2 | D18: kakaopay.com | E18: https://www.capterra.in/software/1016162/kakao-pay | F18: https://ibb.co/Dpnnn08 | G18: Samsung Pay | H18: samsung.com/samsung-pay | I18: https://www.capterra.in/reviews/213917/samsung-pay#:~:text=The%20interface%20is%20good%2C%20simple,a%20great%20option%20to%20value. | J18: https://ibb.co/bW78MJm | K18: Naver Pay | L18: naver.com | M18: https://www.koreatimes.co.kr/www/biz/2025/01/602_297251.html | N18: https://ibb.co/ThR2wFH
... A106: Paraguay | B106: Tigo Money | C106: 0.15 | D106: Tigo Money | E106: https://tigo-money-bolivia.en.softonic.com/android | F106: https://ibb.co/z2YF9B1 | G106: Personal Pay | H106: personalpay.com | I106: https://play.google.com/store/apps/details?id=ar.com.personalpay&hl=en_IN | J106: https://ibb.co/0KZD4tk | K106: Visa | L106: visa.com | M106: https://www.trustpilot.com/review/visa.com | N106: https://ibb.co/RSSHY9w
